{
    "Shipments": {
        "TotalNumberOfRecords": "2",
        "Shipment": [
            {
                "AssignedToUserId": "abrooks",
                "DeliveryMethod": "SHP",
                "ExpectedShipmentDate": "27-10-2017",
                "OrderNo": "SFS1000001",
                "ScacAndService": "UPSNGround",
                "ShipNode": "Mtrx_Store_1",
                "ShipmentKey": "SFS1000001_SHPKEY",
                "ShipmentNo": "SFS1000001SHPNO",
                "Status": "Cancelled",
                "BillToAddress": {
                    "DayPhone": "123456789",
                    "EMailID": "Zymer@org.com",
                    "FirstName": "Ben",
                    "LastName": "Zymer",
                    "PersonInfoKey": "1000001"
                },
                "ShipmentLines": {
                    "TotalNumberOfRecords": "4"
                }
            },
            {
                "AssignedToUserId": "amgr",
                "DeliveryMethod": "PICK",
                "ExpectedShipmentDate": "28-10-2017",
                "OrderNo": "PICK1000001",
                "ScacAndService": "",
                "ShipNode": "Mtrx_Store_1",
                "ShipmentKey": "PICK1000001_SHPKEY",
                "ShipmentNo": "PICK1000001SHPNO",
                "Status": "Ready for Backroom Pick",
                "BillToAddress": {
                    "DayPhone": "1234567890",
                    "EMailID": "adoyle@org.com",
                    "FirstName": "Abby",
                    "LastName": "Doyle",
                    "PersonInfoKey": "2000001"
                },
                "ShipmentLines": {
                    "TotalNumberOfRecords": "6"
                }
            }
        ]
    },


    "Shipment": {
        
        "AssignedToUserId": "amgr",
        "Status": "Ready for Backroom Pick",
        "DeliveryMethod": "PICK",
        "ExpectedShipmentDate": "27-10-2018",
        "OrderNo": "PICK1000001",
        "ScacAndService": "",
        "ShipmentKey": "PICK1000001SHPKEY",
        "ShipmentNo": "PICK1000001SHPNO",
        "BillToAddress": {
            "FirstName": "John",
            "LastName": "Parks",
            "EmailID": "john@example.com",
            "Phonenumber": "1234567890",
            "AddressID": "200001",
            "AddressLine1": "987, Broadview Avenue",
            "AddressLine2": "",
            "City": "Omaha",
            "Country": "US",
            "State": "NE",
            "ZipCode": "6810",
            "PersonInfoKey": "1000002"
        },
        "ToAddress": {
            "FirstName": "Abby",
            "LastName": "Doyle",
            "EmailID": "adoyle@example.com",
            "DayPhone": "6478390821",
            "AddressID": "200002",
            "AddressLine1": "6849, Wolfe Road",
            "AddressLine2": "123",
            "City": "Sunnydale",
            "Country": "US",
            "State": "CA",
            "ZipCode": "94049",
            "PersonInfoKey": "100001"
        },
        "ShipmentLines": {
            "TotalNumberOfRecords": "2",
             "ShipmentLine": [
                {
                    "Quantity": "2",
                    "ShipmentLineKey": "PICK100001SHPLINEKEY",
                    "OrderLine": {
                        "ItemDetails": {
                            "DisplayUnitOfMeasure": "Each",
                            "Description": "Frigidaire Window Air Conditioner 1200-BTU",
                            "ImageUrl": "<PATH_TO_IMAGE>",
                            "ItemID": "100001"
                        }
                    }
                },
                    {
                        "Quantity": "2",
                        "ShipmentLineKey": "PICK100002SHPLINEKEY",
                        "OrderLine": {
                            "ItemDetails": {
                                "DisplayUnitOfMeasure": "Each",
                                "Description": "Hunter Regalia 60-in New Bronze Ceiling Fan",
                                "ImageUrl": "<PATH_TO_IMAGE>",
                                "ItemID": "100002"
                            }
                        }
                    
                    }
                
                        
                   
                
            ]
        }
    }
}